"Date","Q_L_s_PT","Q_L_s_Flowmate","lai_MODIS","DOC_mgL","DON_mgL","NO3_mgL","NH4_mgL"
2020-01-01,NA,NA,0.6,NA,NA,NA,NA
2020-01-09,NA,NA,0.5,NA,NA,NA,NA
2020-01-17,NA,NA,0.6,NA,NA,NA,NA
2020-02-10,NA,NA,0.6,NA,NA,NA,NA
2020-02-18,NA,NA,0.6,NA,NA,NA,NA
2020-03-05,NA,NA,0.9,NA,NA,NA,NA
2020-03-13,NA,NA,0.9,NA,NA,NA,NA
2020-05-24,NA,NA,4.6,NA,NA,NA,NA
2020-07-15,NA,1.96,NA,NA,NA,NA,NA
2020-07-22,NA,1.39,NA,NA,NA,NA,NA
2020-08-05,NA,2.65,NA,NA,NA,NA,NA
2020-08-12,NA,NA,2.4,NA,NA,NA,NA
2020-08-19,NA,3.37,NA,1,0.008,0.116,0.006
2020-09-23,NA,2.16,NA,NA,NA,NA,NA
2020-10-07,NA,NA,2.6,NA,NA,NA,NA
2020-10-23,NA,NA,1.4,NA,NA,NA,NA
2020-11-08,NA,NA,0.5,NA,NA,NA,NA
2020-11-24,NA,NA,0.6,NA,NA,NA,NA
2020-12-10,NA,NA,0.7,NA,NA,NA,NA
2021-01-09,NA,NA,0.7,NA,NA,NA,NA
2021-01-17,NA,NA,0.6,NA,NA,NA,NA
2021-01-25,NA,NA,0.5,NA,NA,NA,NA
2021-02-18,NA,NA,0.9,NA,NA,NA,NA
2021-03-06,NA,NA,0.8,NA,NA,NA,NA
2021-03-14,NA,NA,0.7,NA,NA,NA,NA
2021-03-22,NA,NA,0.9,NA,NA,NA,NA
2021-04-19,NA,29.13,NA,1.5,0.071,0.017,0.002
2021-06-02,NA,NA,3,NA,NA,NA,NA
2021-07-01,NA,NA,NA,2.2,0.059,0.004,0.007
2021-07-28,NA,NA,NA,1.7,-0.025,0.351,0.014
2021-08-05,NA,NA,1.2,NA,NA,NA,NA
2021-08-19,NA,7.48,NA,2.7,0.083,0.121,0.006
2021-09-22,NA,NA,2.3,NA,NA,NA,NA
2021-09-23,NA,37.58,NA,3.9,0.056,0.141,0.003
2021-10-16,NA,NA,2.7,NA,NA,NA,NA
2021-11-01,NA,NA,1.2,NA,NA,NA,NA
2021-11-09,NA,NA,0.9,NA,NA,NA,NA
2021-11-19,NA,2.81,NA,1.7,0.056,0.001,0.003
2021-11-25,NA,NA,0.6,NA,NA,NA,NA
2021-12-03,NA,NA,0.5,NA,NA,NA,NA
2021-12-19,NA,NA,0.6,NA,NA,NA,NA
2021-12-27,NA,NA,0.6,NA,NA,NA,NA
2022-01-09,NA,NA,0.5,NA,NA,NA,NA
2022-01-17,NA,NA,0.1,NA,NA,NA,NA
2022-02-02,NA,NA,0.5,NA,NA,NA,NA
2022-02-10,NA,NA,0.5,NA,NA,NA,NA
2022-02-18,NA,NA,0.5,NA,NA,NA,NA
2022-02-28,NA,48.25,NA,2.1,0.048,0.037,0.005
2022-03-06,NA,NA,0.7,NA,NA,NA,NA
2022-03-14,NA,NA,0.6,NA,NA,NA,NA
2022-03-30,NA,NA,1,NA,NA,NA,NA
2022-04-15,NA,NA,1.4,NA,NA,NA,NA
2022-04-20,NA,NA,NA,2.6,0.106,0.017,0.007
2022-04-23,NA,NA,1.8,NA,NA,NA,NA
2022-05-17,NA,NA,2.7,NA,NA,NA,NA
2022-06-09,NA,4.92,NA,1.3,0.151,0.092,0.007
2022-10-08,NA,NA,2.3,NA,NA,NA,NA
2022-10-24,NA,NA,1.1,NA,NA,NA,NA
2022-11-01,NA,NA,0.8,NA,NA,NA,NA
2022-11-09,NA,NA,0.7,NA,NA,NA,NA
2022-11-25,NA,NA,0.5,NA,NA,NA,NA
2022-12-19,NA,NA,0.6,NA,NA,NA,NA
2022-12-27,NA,NA,0.6,NA,NA,NA,NA
2023-01-01,NA,NA,0.6,NA,NA,NA,NA
2023-02-02,NA,NA,0.6,NA,NA,NA,NA
2023-02-18,NA,NA,0.6,NA,NA,NA,NA
2023-03-14,NA,NA,0.9,NA,NA,NA,NA
2023-03-22,NA,NA,0.9,NA,NA,NA,NA
2023-04-07,NA,NA,0.9,NA,NA,NA,NA
2023-06-01,NA,12.62,NA,3,0.143,0.05,0.007
2023-06-30,NA,3.06,NA,2.1,0.106,0.137,0.007
2023-07-20,NA,NA,1.8,NA,NA,NA,NA
2023-09-06,NA,NA,3.8,NA,NA,NA,NA
2023-10-16,NA,NA,1.9,NA,NA,NA,NA
2023-10-24,NA,NA,1.6,NA,NA,NA,NA
2023-11-01,NA,NA,0.9,NA,NA,NA,NA
2023-11-17,NA,NA,0.7,NA,NA,NA,NA
2023-11-25,NA,NA,0.8,NA,NA,NA,NA
2023-12-11,NA,NA,0.7,NA,NA,NA,NA
2024-01-09,NA,NA,0.7,NA,NA,NA,NA
2024-02-02,NA,NA,0.6,NA,NA,NA,NA
2024-02-10,NA,NA,0.6,NA,NA,NA,NA
2024-02-18,NA,NA,0.7,NA,NA,NA,NA
2024-02-26,NA,NA,0.5,NA,NA,NA,NA
2024-03-05,NA,NA,0.7,NA,NA,NA,NA
2024-03-21,NA,NA,0.9,NA,NA,NA,NA
2024-04-06,NA,NA,1,NA,NA,NA,NA
2024-04-23,10.8068954530951,14.13,NA,NA,NA,NA,NA
2024-04-24,11.1971618366264,NA,NA,NA,NA,NA,NA
2024-04-25,9.68436869364261,NA,NA,NA,NA,NA,NA
2024-04-26,8.55421325977933,NA,NA,NA,NA,NA,NA
2024-04-27,8.43910002542921,NA,NA,NA,NA,NA,NA
2024-04-28,8.52084391324902,NA,NA,NA,NA,NA,NA
2024-04-29,8.41105119431237,NA,NA,NA,NA,NA,NA
2024-04-30,7.88008706497585,NA,NA,NA,NA,NA,NA
2024-05-01,8.29281815941278,NA,NA,NA,NA,NA,NA
2024-05-02,7.65350679807095,NA,NA,NA,NA,NA,NA
2024-05-03,7.22294767615086,NA,NA,NA,NA,NA,NA
2024-05-04,6.37317677143152,NA,NA,NA,NA,NA,NA
2024-05-05,7.48724321125996,NA,NA,NA,NA,NA,NA
2024-05-06,32.5905447473719,NA,NA,NA,NA,NA,NA
2024-05-07,32.4079216191254,NA,NA,NA,NA,NA,NA
2024-05-08,17.9286365917045,NA,3,NA,NA,NA,NA
2024-05-09,13.4460067710329,NA,NA,NA,NA,NA,NA
2024-05-10,11.2338363684544,NA,NA,NA,NA,NA,NA
2024-05-11,7.9427370190895,NA,NA,NA,NA,NA,NA
2024-05-12,7.07161404863448,NA,NA,NA,NA,NA,NA
2024-05-13,5.71371519714664,NA,NA,NA,NA,NA,NA
2024-05-14,6.93695872763546,NA,NA,NA,NA,NA,NA
2024-05-15,9.86764665738365,NA,NA,NA,NA,NA,NA
2024-05-16,8.14066390685578,NA,NA,NA,NA,NA,NA
2024-05-17,6.59897208380974,NA,NA,NA,NA,NA,NA
2024-05-18,30.8381033469594,NA,NA,NA,NA,NA,NA
2024-05-19,24.8936043805069,NA,NA,NA,NA,NA,NA
2024-05-20,17.8353023747298,NA,NA,NA,NA,NA,NA
2024-05-21,13.2545286034612,NA,NA,NA,NA,NA,NA
2024-05-22,11.5184687386667,9.94,NA,2.4,0.129,0.042,0.004
2024-05-23,10.4037571996069,NA,NA,NA,NA,NA,NA
2024-05-24,9.12652358152697,NA,NA,NA,NA,NA,NA
2024-05-25,7.76723207012454,NA,NA,NA,NA,NA,NA
2024-05-26,11.3878003057293,NA,NA,NA,NA,NA,NA
2024-05-27,17.6228913482103,NA,NA,NA,NA,NA,NA
2024-05-28,11.153179550532,NA,NA,NA,NA,NA,NA
2024-05-29,8.43386226654509,NA,NA,NA,NA,NA,NA
2024-05-30,6.75797806928918,NA,NA,NA,NA,NA,NA
2024-05-31,5.22227830341634,NA,NA,NA,NA,NA,NA
2024-06-01,4.8035804882066,NA,NA,NA,NA,NA,NA
2024-06-02,4.75946021530512,NA,NA,NA,NA,NA,NA
2024-06-03,5.401517832791,NA,NA,NA,NA,NA,NA
2024-06-04,8.84217124095231,NA,NA,NA,NA,NA,NA
2024-06-05,12.8642144287937,NA,NA,NA,NA,NA,NA
2024-06-06,14.1890282143143,NA,NA,NA,NA,NA,NA
2024-06-07,9.00021506283992,NA,NA,NA,NA,NA,NA
2024-06-08,6.05755159824808,NA,NA,NA,NA,NA,NA
2024-06-09,5.56286442822312,NA,1.9,NA,NA,NA,NA
2024-06-10,4.69737462250555,NA,NA,NA,NA,NA,NA
2024-06-11,4.03034171997073,NA,NA,NA,NA,NA,NA
2024-06-12,3.72308302460014,NA,NA,NA,NA,NA,NA
2024-06-13,3.78104082154884,NA,NA,NA,NA,NA,NA
2024-06-14,3.65020682134712,NA,NA,NA,NA,NA,NA
2024-06-15,3.464717217669,NA,NA,NA,NA,NA,NA
2024-06-16,3.00516471159094,NA,NA,NA,NA,NA,NA
2024-06-17,2.87336121333842,NA,NA,NA,NA,NA,NA
2024-06-18,2.78815698527078,NA,NA,NA,NA,NA,NA
2024-06-19,2.56231216744574,3.88,NA,2.3,0.115,0.223,0.008
2024-06-20,2.41493990947018,NA,NA,NA,NA,NA,NA
2024-06-21,2.1588054911019,NA,NA,NA,NA,NA,NA
2024-06-22,2.07950355423077,NA,NA,NA,NA,NA,NA
2024-06-23,1.97248084075713,NA,NA,NA,NA,NA,NA
2024-06-24,1.98191730485848,NA,NA,NA,NA,NA,NA
2024-06-25,1.49826333584964,NA,NA,NA,NA,NA,NA
2024-06-26,1.67315185567232,NA,NA,NA,NA,NA,NA
2024-06-27,3.93474051732428,NA,NA,NA,NA,NA,NA
2024-06-28,2.99827354278136,NA,NA,NA,NA,NA,NA
2024-06-29,2.61248044021149,NA,NA,NA,NA,NA,NA
2024-06-30,2.43893121837326,NA,NA,NA,NA,NA,NA
2024-07-01,1.8506439958368,NA,NA,NA,NA,NA,NA
2024-07-02,1.13205171815467,NA,NA,NA,NA,NA,NA
2024-07-03,1.01369388007431,NA,2.1,NA,NA,NA,NA
2024-07-04,3.41550305646396,NA,NA,NA,NA,NA,NA
2024-07-05,7.20893381089247,NA,NA,NA,NA,NA,NA
2024-07-06,6.84574958783563,NA,NA,NA,NA,NA,NA
2024-07-07,3.65288930431216,NA,NA,NA,NA,NA,NA
2024-07-08,2.86529541685063,NA,NA,NA,NA,NA,NA
2024-07-09,2.4825026532154,NA,NA,NA,NA,NA,NA
2024-07-10,2.25271810738918,NA,NA,NA,NA,NA,NA
2024-07-11,1.77859083169629,2.8,NA,2.675,0.058,0.194,0.013
2024-07-12,1.3538048473431,NA,NA,NA,NA,NA,NA
2024-07-13,1.2607928643653,NA,NA,NA,NA,NA,NA
2024-07-14,0.983199717848453,NA,NA,NA,NA,NA,NA
2024-07-15,0.600903467459302,NA,NA,NA,NA,NA,NA
2024-07-16,0.335642688962736,NA,NA,NA,NA,NA,NA
2024-07-17,0.690810708353358,NA,NA,NA,NA,NA,NA
2024-07-18,2.0715816941969,NA,NA,NA,NA,NA,NA
2024-07-19,1.48863866706493,NA,NA,NA,NA,NA,NA
2024-07-20,2.03313979217648,NA,NA,NA,NA,NA,NA
2024-07-21,1.93072781381185,NA,NA,NA,NA,NA,NA
2024-07-22,1.86905295467762,NA,NA,NA,NA,NA,NA
2024-07-23,1.91847415070026,NA,NA,NA,NA,NA,NA
2024-07-24,2.21047973359996,NA,NA,NA,NA,NA,NA
2024-07-25,2.61751184069269,NA,NA,NA,NA,NA,NA
2024-07-26,2.01996698039368,NA,NA,NA,NA,NA,NA
2024-07-27,1.58411789146736,NA,NA,NA,NA,NA,NA
2024-07-28,1.28948736294456,NA,NA,NA,NA,NA,NA
2024-07-29,1.16461536348542,NA,NA,NA,NA,NA,NA
2024-07-30,1.15280923937985,NA,NA,NA,NA,NA,NA
2024-07-31,1.02279816771491,NA,NA,NA,NA,NA,NA
2024-08-01,0.737218009867354,NA,NA,NA,NA,NA,NA
2024-08-02,0.480055026398223,NA,NA,NA,NA,NA,NA
2024-08-03,0.678980988606806,NA,NA,NA,NA,NA,NA
2024-08-04,0.378621164212369,NA,NA,NA,NA,NA,NA
2024-08-05,0.131734593306041,NA,NA,NA,NA,NA,NA
2024-08-06,0.0432486386024798,NA,NA,NA,NA,NA,NA
2024-08-07,0.0267167893370183,NA,NA,NA,NA,NA,NA
2024-08-08,13.3582343372047,NA,NA,NA,NA,NA,NA
2024-08-09,23.4453982315614,NA,NA,NA,NA,NA,NA
2024-08-10,5.62944331284312,NA,NA,NA,NA,NA,NA
2024-08-11,3.14509651384436,NA,NA,NA,NA,NA,NA
2024-08-12,2.18995215665354,NA,2.1,NA,NA,NA,NA
2024-08-13,1.87362550247254,NA,NA,NA,NA,NA,NA
2024-08-14,1.65099069446969,1.71,NA,2.8,0.112,0.114,0.003
2024-08-15,1.47385022245823,NA,NA,NA,NA,NA,NA
2024-08-16,1.49944427340404,NA,NA,NA,NA,NA,NA
2024-08-17,1.78470880621104,NA,NA,NA,NA,NA,NA
2024-08-18,1.57085955514384,NA,NA,NA,NA,NA,NA
2024-08-19,1.30680759233464,NA,NA,NA,NA,NA,NA
2024-08-20,0.758875232857764,NA,NA,NA,NA,NA,NA
2024-08-21,0.463288459248045,NA,NA,NA,NA,NA,NA
2024-08-22,0.406667315830171,NA,NA,NA,NA,NA,NA
2024-08-23,0.381661550801465,NA,NA,NA,NA,NA,NA
2024-08-24,0.343049725019588,NA,NA,NA,NA,NA,NA
2024-08-25,0.256648682331299,NA,NA,NA,NA,NA,NA
2024-08-26,0.149527202674987,NA,NA,NA,NA,NA,NA
2024-08-27,0.0918944645928046,NA,NA,NA,NA,NA,NA
2024-08-28,0.0385402262238046,NA,NA,NA,NA,NA,NA
2024-08-29,0.0267023947441245,NA,NA,NA,NA,NA,NA
2024-08-30,0.0319194972116588,NA,NA,NA,NA,NA,NA
2024-08-31,5.55915239221176,NA,NA,NA,NA,NA,NA
2024-09-01,8.43588286338821,NA,NA,NA,NA,NA,NA
2024-09-02,3.1579307090923,NA,NA,NA,NA,NA,NA
2024-09-03,1.64051633285676,NA,NA,NA,NA,NA,NA
2024-09-04,1.19813097923466,NA,NA,NA,NA,NA,NA
2024-09-05,0.98487338199522,NA,NA,NA,NA,NA,NA
2024-09-06,0.948781342399995,NA,NA,NA,NA,NA,NA
2024-09-07,0.956852794860042,NA,NA,NA,NA,NA,NA
2024-09-08,0.527829999284193,NA,NA,NA,NA,NA,NA
2024-09-09,0.417720791778757,NA,NA,NA,NA,NA,NA
2024-09-10,0.399577424166695,NA,NA,NA,NA,NA,NA
2024-09-11,0.285406407013252,NA,NA,NA,NA,NA,NA
2024-09-12,0.174398995245181,NA,NA,NA,NA,NA,NA
2024-09-13,0.137160782712133,NA,NA,NA,NA,NA,NA
2024-09-14,0.152840810595193,NA,NA,NA,NA,NA,NA
2024-09-15,0.0351961696694262,NA,NA,NA,NA,NA,NA
2024-09-16,0.00667260390395009,0,NA,1.4,0.095,0.096,0.009
2024-09-17,0.757522761864299,NA,NA,NA,NA,NA,NA
2024-09-18,2.19891182240629,NA,NA,NA,NA,NA,NA
2024-09-19,2.53099055119637,NA,NA,NA,NA,NA,NA
2024-09-20,2.15197802274518,NA,NA,NA,NA,NA,NA
2024-09-21,1.7015524059539,NA,NA,NA,NA,NA,NA
2024-09-22,1.39771000072499,NA,NA,NA,NA,NA,NA
2024-09-23,1.84392089646801,NA,NA,NA,NA,NA,NA
2024-09-24,7.047966909468,NA,NA,NA,NA,NA,NA
2024-09-25,31.9073378267076,NA,NA,NA,NA,NA,NA
2024-09-26,42.7918509718846,NA,NA,NA,NA,NA,NA
2024-09-27,216.267245996716,NA,NA,NA,NA,NA,NA
2024-09-28,51.0407870572719,NA,NA,NA,NA,NA,NA
2024-09-29,20.2411146508644,NA,NA,NA,NA,NA,NA
2024-09-30,16.1859607737858,17.96,NA,3.767,0.118,0.021,0.004
2024-10-01,42.278783419765,NA,NA,NA,NA,NA,NA
2024-10-02,54.6521360876978,NA,NA,NA,NA,NA,NA
2024-10-03,27.3979171069866,NA,NA,NA,NA,NA,NA
2024-10-04,18.3875395143515,NA,NA,NA,NA,NA,NA
2024-10-05,13.9934347968987,NA,NA,NA,NA,NA,NA
2024-10-06,11.0786080654387,NA,NA,NA,NA,NA,NA
2024-10-07,10.0669841440969,NA,NA,NA,NA,NA,NA
2024-10-08,8.02534915229851,NA,NA,NA,NA,NA,NA
2024-10-09,6.41556030365336,NA,NA,NA,NA,NA,NA
2024-10-10,5.23524832673671,NA,NA,NA,NA,NA,NA
2024-10-11,4.51331038181614,NA,NA,NA,NA,NA,NA
2024-10-12,4.05544581133266,NA,NA,NA,NA,NA,NA
2024-10-13,3.8157332318203,NA,NA,NA,NA,NA,NA
2024-10-14,3.95912941878056,NA,NA,NA,NA,NA,NA
2024-10-15,3.08708271363841,NA,NA,NA,NA,NA,NA
2024-10-16,3.04217478567153,NA,NA,NA,NA,NA,NA
2024-10-17,2.74124953566097,NA,NA,NA,NA,NA,NA
2024-10-18,2.485702379319,NA,NA,NA,NA,NA,NA
2024-10-19,2.43124785514091,NA,NA,NA,NA,NA,NA
2024-10-20,2.58417576084578,NA,NA,NA,NA,NA,NA
2024-10-21,2.71987476204661,NA,NA,NA,NA,NA,NA
2024-10-22,2.76230082737267,NA,NA,NA,NA,NA,NA
2024-10-23,2.83068585129013,NA,1.7,NA,NA,NA,NA
2024-10-24,3.38298879380249,NA,NA,NA,NA,NA,NA
2024-10-25,2.76854050406026,NA,NA,NA,NA,NA,NA
2024-10-26,3.22730253032768,NA,NA,NA,NA,NA,NA
2024-10-27,2.53645015939884,NA,NA,NA,NA,NA,NA
2024-10-28,2.48201330963698,0.5,NA,1.35,0.065,0.008,0.002
2024-10-29,3.16406643758311,NA,NA,NA,NA,NA,NA
2024-10-30,3.46756173705596,NA,NA,NA,NA,NA,NA
2024-10-31,3.85037737746886,NA,1.2,NA,NA,NA,NA
2024-11-01,4.43715388352723,NA,NA,NA,NA,NA,NA
2024-11-02,3.66234792870667,NA,NA,NA,NA,NA,NA
2024-11-03,2.96313886448112,NA,NA,NA,NA,NA,NA
2024-11-04,2.86789850080419,NA,NA,NA,NA,NA,NA
2024-11-05,3.34506080348779,NA,NA,NA,NA,NA,NA
2024-11-06,4.17892848340886,NA,NA,NA,NA,NA,NA
2024-11-07,4.56737466095676,NA,NA,NA,NA,NA,NA
2024-11-08,4.52589182305745,NA,0.9,NA,NA,NA,NA
2024-11-09,3.49067297931886,NA,NA,NA,NA,NA,NA
2024-11-10,3.25458497845478,NA,NA,NA,NA,NA,NA
2024-11-11,4.35607626779712,NA,NA,NA,NA,NA,NA
2024-11-12,4.00390623111024,NA,NA,NA,NA,NA,NA
2024-11-13,2.99155118593005,NA,NA,NA,NA,NA,NA
2024-11-14,11.5537839235126,NA,NA,NA,NA,NA,NA
2024-11-15,18.3483959080326,NA,NA,NA,NA,NA,NA
2024-11-16,8.694758755907,NA,NA,NA,NA,NA,NA
2024-11-17,5.26757428021752,NA,NA,NA,NA,NA,NA
2024-11-18,4.69492280024699,NA,NA,NA,NA,NA,NA
2024-11-19,4.95382154243064,NA,NA,NA,NA,NA,NA
2024-11-20,7.50128902748422,NA,NA,NA,NA,NA,NA
2024-11-21,6.00775749025164,NA,NA,NA,NA,NA,NA
2024-11-22,4.63770396026894,NA,NA,NA,NA,NA,NA
2024-11-23,4.44525641104381,NA,NA,NA,NA,NA,NA
2024-11-24,3.87814829868397,NA,0.8,NA,NA,NA,NA
2024-11-25,3.55785294731222,NA,NA,NA,NA,NA,NA
2024-11-26,4.33476318221892,NA,NA,NA,NA,NA,NA
2024-11-27,3.40908405262626,NA,NA,NA,NA,NA,NA
2024-11-28,4.90944102624529,NA,NA,NA,NA,NA,NA
2024-11-29,4.28812640267082,NA,NA,NA,NA,NA,NA
2024-11-30,3.15612694245643,NA,NA,NA,NA,NA,NA
2024-12-01,2.96054273535037,NA,NA,NA,NA,NA,NA
2024-12-02,2.60017622259163,NA,0.7,NA,NA,NA,NA
2024-12-03,2.42706184140204,NA,NA,NA,NA,NA,NA
2024-12-04,2.18264519014264,NA,NA,NA,NA,NA,NA
2024-12-05,2.87703586004577,NA,NA,NA,NA,NA,NA
2024-12-06,2.68617938676819,NA,NA,NA,NA,NA,NA
2024-12-07,2.89876815211189,NA,NA,NA,NA,NA,NA
2024-12-08,2.57192510303723,NA,NA,NA,NA,NA,NA
2024-12-09,4.49816378144011,NA,NA,NA,NA,NA,NA
2024-12-10,5.59206460523199,NA,0.7,NA,NA,NA,NA
2024-12-11,74.6080687051173,NA,NA,NA,NA,NA,NA
2024-12-12,42.036371109707,NA,NA,NA,NA,NA,NA
2024-12-13,20.6094539291321,NA,NA,NA,NA,NA,NA
2024-12-14,14.5615423986524,NA,NA,NA,NA,NA,NA
2024-12-15,14.0030826091768,NA,NA,NA,NA,NA,NA
2024-12-16,44.121915522059,NA,NA,NA,NA,NA,NA
2024-12-17,41.9686395494157,27.73,NA,3.667,0.149,0.004,0.006
2024-12-18,30.5307932391505,NA,0.6,NA,NA,NA,NA
2024-12-19,24.6427445600222,NA,NA,NA,NA,NA,NA
2024-12-20,20.889797273745,NA,NA,NA,NA,NA,NA
2024-12-21,17.9814855659208,NA,NA,NA,NA,NA,NA
2024-12-22,13.5287574209858,NA,NA,NA,NA,NA,NA
2024-12-23,11.1335144080738,NA,NA,NA,NA,NA,NA
2024-12-24,10.7648000861865,NA,NA,NA,NA,NA,NA
2024-12-25,11.4966813602186,NA,NA,NA,NA,NA,NA
2024-12-26,10.459073211548,NA,NA,NA,NA,NA,NA
2024-12-27,9.60749515056572,NA,NA,NA,NA,NA,NA
2024-12-28,13.6477732246773,NA,NA,NA,NA,NA,NA
2024-12-29,27.7489086676403,NA,NA,NA,NA,NA,NA
2024-12-30,68.2953582674062,NA,NA,NA,NA,NA,NA
2024-12-31,49.9594492408844,NA,NA,NA,NA,NA,NA
2025-01-01,41.7611155878986,NA,0.5,NA,NA,NA,NA
2025-01-02,28.5542055600691,NA,NA,NA,NA,NA,NA
2025-01-03,24.3198533747071,NA,NA,NA,NA,NA,NA
2025-01-04,20.1057569570208,NA,NA,NA,NA,NA,NA
2025-01-05,16.5674826106296,NA,NA,NA,NA,NA,NA
2025-01-06,24.473759976994,NA,NA,NA,NA,NA,NA
2025-01-07,26.7213334130484,NA,NA,NA,NA,NA,NA
2025-01-08,18.4688868469154,NA,NA,NA,NA,NA,NA
2025-01-09,18.0140581894854,NA,NA,NA,NA,NA,NA
2025-01-10,18.7449719305867,NA,NA,NA,NA,NA,NA
2025-01-11,18.4257753789333,NA,NA,NA,NA,NA,NA
2025-01-12,15.1119603952678,NA,NA,NA,NA,NA,NA
2025-01-13,14.5554675613216,NA,NA,NA,NA,NA,NA
2025-01-14,19.4602531576312,NA,NA,NA,NA,NA,NA
2025-01-15,21.5830904692115,NA,NA,NA,NA,NA,NA
2025-01-16,21.8111281832866,NA,NA,NA,NA,NA,NA
2025-01-17,19.5801350338917,NA,0.6,NA,NA,NA,NA
2025-01-18,22.6375992034661,NA,NA,NA,NA,NA,NA
2025-01-19,39.8121596618692,NA,NA,NA,NA,NA,NA
2025-01-20,46.7576044605561,NA,NA,NA,NA,NA,NA
2025-01-21,60.5601110482075,NA,NA,NA,NA,NA,NA
2025-01-22,55.2927878389988,NA,NA,NA,NA,NA,NA
2025-01-23,36.22838283449,NA,NA,NA,NA,NA,NA
2025-01-24,21.8188645707933,NA,NA,NA,NA,NA,NA
2025-01-25,19.5976871090086,NA,0.6,NA,NA,NA,NA
2025-01-26,17.3544341439881,NA,NA,NA,NA,NA,NA
2025-01-27,16.3037820654991,NA,NA,NA,NA,NA,NA
2025-01-28,16.3767011296235,NA,NA,NA,NA,NA,NA
2025-01-29,22.0395257565971,NA,NA,NA,NA,NA,NA
2025-01-30,25.0049118352887,NA,NA,NA,NA,NA,NA
2025-01-31,126.367899781808,NA,NA,NA,NA,NA,NA
2025-02-01,105.859292895856,NA,NA,NA,NA,NA,NA
2025-02-02,39.8186738893269,NA,NA,NA,NA,NA,NA
2025-02-03,27.491715660647,NA,NA,NA,NA,NA,NA
2025-02-04,23.9552865423105,NA,NA,NA,NA,NA,NA
2025-02-05,17.4882297192916,NA,NA,NA,NA,NA,NA
2025-02-06,16.6974712272863,NA,NA,NA,NA,NA,NA
2025-02-07,21.8654526233748,NA,NA,NA,NA,NA,NA
2025-02-08,23.7097610173567,NA,NA,NA,NA,NA,NA
2025-02-09,29.237031458171,NA,NA,NA,NA,NA,NA
2025-02-18,NA,NA,0.6,NA,NA,NA,NA
2025-02-26,NA,21.17,0.6,2.525,0.136,0.016,0.007
2025-04-15,NA,NA,1,NA,NA,NA,NA
2025-04-16,34.6460933196721,30.825,NA,2.375,0.128,0.002,0.005
2025-04-17,29.656501936117,NA,NA,NA,NA,NA,NA
2025-04-18,27.8594368894657,NA,NA,NA,NA,NA,NA
2025-04-19,26.7337297918673,NA,NA,NA,NA,NA,NA
2025-04-20,25.3240659375575,NA,NA,NA,NA,NA,NA
2025-04-21,24.4134779966588,NA,NA,NA,NA,NA,NA
2025-04-22,22.9854470161696,NA,NA,NA,NA,NA,NA
2025-04-23,19.7899492443217,NA,1.6,NA,NA,NA,NA
2025-04-24,18.3764525297393,NA,NA,NA,NA,NA,NA
2025-04-25,17.8993016406653,NA,NA,NA,NA,NA,NA
2025-04-26,19.5970481330536,NA,NA,NA,NA,NA,NA
2025-04-27,14.7832590990838,NA,NA,NA,NA,NA,NA
2025-04-28,12.7887424934194,NA,NA,NA,NA,NA,NA
2025-04-29,13.9157810181107,NA,NA,NA,NA,NA,NA
2025-04-30,14.9056702758229,NA,NA,NA,NA,NA,NA
2025-05-01,14.2245942147707,NA,NA,NA,NA,NA,NA
2025-05-02,14.8528004750889,NA,NA,NA,NA,NA,NA
2025-05-03,14.2532379309777,NA,NA,NA,NA,NA,NA
2025-05-04,36.445029135978,NA,NA,NA,NA,NA,NA
2025-05-05,21.4497055688038,NA,NA,NA,NA,NA,NA
2025-05-06,15.0752301692889,NA,NA,NA,NA,NA,NA
2025-05-07,13.5495692624448,NA,NA,NA,NA,NA,NA
2025-05-08,14.9011941169187,NA,NA,NA,NA,NA,NA
2025-05-09,20.5116370055461,NA,2.4,NA,NA,NA,NA
2025-05-10,13.8182470572439,NA,NA,NA,NA,NA,NA
2025-05-11,11.5522518817074,NA,NA,NA,NA,NA,NA
2025-05-12,27.2175847643747,NA,NA,NA,NA,NA,NA
2025-05-13,898.692195817985,NA,NA,NA,NA,NA,NA
2025-05-14,359.785848233003,NA,NA,NA,NA,NA,NA
2025-05-15,153.099509819911,NA,NA,NA,NA,NA,NA
2025-05-16,83.3311488974082,NA,NA,NA,NA,NA,NA
2025-05-17,57.1618017655886,NA,NA,NA,NA,NA,NA
2025-05-18,37.7000064669257,NA,NA,NA,NA,NA,NA
2025-05-19,26.4724687360917,NA,NA,NA,NA,NA,NA
2025-05-20,19.53723882678,NA,NA,NA,NA,NA,NA
2025-05-21,20.0632618743699,NA,NA,NA,NA,NA,NA
2025-05-22,17.311329292348,NA,NA,NA,NA,NA,NA
2025-05-23,13.887380486109,NA,NA,NA,NA,NA,NA
2025-05-24,11.328256597395,NA,NA,NA,NA,NA,NA
2025-05-25,10.0638070667294,NA,NA,NA,NA,NA,NA
2025-05-26,11.0294442495969,NA,NA,NA,NA,NA,NA
2025-05-27,15.7520824846029,NA,NA,NA,NA,NA,NA
2025-05-28,49.2697060602213,71.99,NA,NA,NA,NA,NA
2025-05-29,99.397798835516,NA,NA,NA,NA,NA,NA
2025-05-30,114.278846691428,NA,NA,NA,NA,NA,NA
2025-05-31,86.0769736435256,NA,NA,NA,NA,NA,NA
2025-06-01,39.2041711295733,NA,NA,NA,NA,NA,NA
2025-06-02,21.3649059053757,NA,NA,NA,NA,NA,NA
2025-06-03,15.1250236320594,NA,NA,NA,NA,NA,NA
2025-06-04,13.2374385487039,NA,NA,NA,NA,NA,NA
2025-06-05,11.7844382149017,NA,NA,NA,NA,NA,NA
2025-06-06,10.4511842864516,NA,NA,NA,NA,NA,NA
2025-06-07,9.5762322557401,NA,NA,NA,NA,NA,NA
2025-06-08,8.94768957779082,NA,NA,NA,NA,NA,NA
2025-06-09,7.65039756140849,NA,NA,NA,NA,NA,NA
2025-06-10,6.51954713651693,NA,NA,NA,NA,NA,NA
2025-06-11,5.41972896360495,6.68,NA,NA,NA,NA,NA
2025-06-12,5.75766422179683,NA,NA,NA,NA,NA,NA
2025-06-13,5.53619226757934,NA,NA,NA,NA,NA,NA
2025-06-14,6.20179613987499,NA,NA,NA,NA,NA,NA
2025-06-15,8.90270000593337,NA,NA,NA,NA,NA,NA
2025-06-16,20.9093663231843,NA,NA,NA,NA,NA,NA
2025-06-17,12.7623467448363,NA,NA,NA,NA,NA,NA
2025-06-18,9.07141610257213,NA,NA,NA,NA,NA,NA
2025-06-19,7.48811720413748,NA,NA,NA,NA,NA,NA
2025-06-20,6.24098976025309,NA,NA,NA,NA,NA,NA
2025-06-21,5.43412364591463,NA,NA,NA,NA,NA,NA
2025-06-22,5.1245326726894,NA,NA,NA,NA,NA,NA
2025-06-23,4.71673427237678,NA,NA,NA,NA,NA,NA
2025-06-24,4.55237217091705,NA,NA,NA,NA,NA,NA
2025-06-25,4.16260390808193,2.45,NA,NA,NA,NA,NA
2025-06-26,4.1309584055417,NA,NA,NA,NA,NA,NA
2025-06-27,4.15865503650527,NA,NA,NA,NA,NA,NA
2025-06-28,10.878498251438,NA,NA,NA,NA,NA,NA
2025-06-29,53.1015539603883,NA,NA,NA,NA,NA,NA
2025-06-30,15.372351942866,NA,NA,NA,NA,NA,NA
2025-07-01,25.3601460840914,NA,NA,NA,NA,NA,NA
2025-07-02,43.1326124768035,NA,NA,NA,NA,NA,NA
2025-07-03,18.6650856472416,NA,NA,NA,NA,NA,NA
2025-07-04,11.3036884161142,NA,NA,NA,NA,NA,NA
2025-07-05,8.45668915627374,NA,NA,NA,NA,NA,NA
2025-07-06,6.90265377319817,NA,NA,NA,NA,NA,NA
2025-07-07,6.96921912978406,NA,NA,NA,NA,NA,NA
2025-07-08,9.3289399655708,NA,NA,NA,NA,NA,NA
2025-07-09,18.6230828287487,17.07,NA,NA,NA,NA,NA
2025-07-10,11.0466291551713,NA,NA,NA,NA,NA,NA
2025-07-11,8.75362376563829,NA,NA,NA,NA,NA,NA
2025-07-12,7.37851940817195,NA,NA,NA,NA,NA,NA
2025-07-13,6.31665357899803,NA,NA,NA,NA,NA,NA
2025-07-14,5.67328721319889,NA,NA,NA,NA,NA,NA
2025-07-15,5.34718094525585,NA,NA,NA,NA,NA,NA
2025-07-16,5.4073133542382,NA,NA,NA,NA,NA,NA
2025-07-17,5.35553531016893,NA,NA,NA,NA,NA,NA
2025-07-18,5.35404003565232,NA,NA,NA,NA,NA,NA
2025-07-19,20.3278381932145,NA,NA,NA,NA,NA,NA
2025-07-20,25.9963985975846,NA,NA,NA,NA,NA,NA
2025-07-21,13.5475417066799,NA,NA,NA,NA,NA,NA
2025-07-22,9.42258931061497,NA,NA,NA,NA,NA,NA
2025-07-23,6.85968025700018,4.53,NA,NA,NA,NA,NA
2025-07-24,5.45315292815483,NA,NA,NA,NA,NA,NA
2025-07-25,5.19926708627748,NA,NA,NA,NA,NA,NA
2025-07-26,4.77543815443845,NA,NA,NA,NA,NA,NA
2025-07-27,4.81577342232507,NA,NA,NA,NA,NA,NA
2025-07-28,4.5305558036952,NA,NA,NA,NA,NA,NA
2025-07-29,5.32011220070872,NA,NA,NA,NA,NA,NA
2025-07-30,4.51819416916809,NA,NA,NA,NA,NA,NA
2025-07-31,4.90475752580316,NA,NA,NA,NA,NA,NA
2025-08-01,10.5830154648666,NA,NA,NA,NA,NA,NA
2025-08-02,13.3535820345142,NA,NA,NA,NA,NA,NA
2025-08-03,6.69899350529652,NA,NA,NA,NA,NA,NA
2025-08-04,4.97878385014881,NA,NA,NA,NA,NA,NA
2025-08-05,4.74018116055077,NA,2.3,NA,NA,NA,NA
2025-08-06,7.16672027882409,0.0462,NA,NA,NA,NA,NA
2025-08-07,7.91230921718169,NA,NA,NA,NA,NA,NA
2025-08-08,6.28520259131034,NA,NA,NA,NA,NA,NA
2025-08-09,5.09052383614572,NA,NA,NA,NA,NA,NA
2025-08-10,4.34221803857877,NA,NA,NA,NA,NA,NA
2025-08-11,3.91440850194699,NA,NA,NA,NA,NA,NA
2025-08-12,4.16141676263307,NA,NA,NA,NA,NA,NA
2025-08-13,4.12169316493942,NA,4.5,NA,NA,NA,NA
2025-08-14,4.01788180555775,NA,NA,NA,NA,NA,NA
2025-08-15,3.80670737965773,NA,NA,NA,NA,NA,NA
2025-08-16,3.29764583659551,NA,NA,NA,NA,NA,NA
2025-08-17,3.11532273664992,NA,NA,NA,NA,NA,NA
2025-08-18,2.7703079525471,NA,NA,NA,NA,NA,NA
2025-08-19,2.42100865819191,NA,NA,NA,NA,NA,NA
2025-08-20,2.66045341323361,2.04,NA,NA,NA,NA,NA
2025-08-21,29.1342380169006,NA,NA,NA,NA,NA,NA
2025-08-22,43.1554787848923,NA,NA,NA,NA,NA,NA
2025-08-23,18.6312712524443,NA,NA,NA,NA,NA,NA
2025-08-24,11.7335057879166,NA,NA,NA,NA,NA,NA
2025-08-25,8.3061945032087,NA,NA,NA,NA,NA,NA
2025-08-26,5.4132558599463,NA,NA,NA,NA,NA,NA
2025-08-27,3.92766756479308,NA,NA,NA,NA,NA,NA
2025-08-28,3.26506604323967,NA,NA,NA,NA,NA,NA
2025-08-29,3.23293425083375,NA,NA,NA,NA,NA,NA
2025-08-30,2.91231194810709,NA,NA,NA,NA,NA,NA
2025-08-31,2.73223102402039,NA,NA,NA,NA,NA,NA
2025-09-01,2.45561434687915,NA,NA,NA,NA,NA,NA
2025-09-02,2.16528133249171,1.766,NA,NA,NA,NA,NA
2025-09-03,2.03622720013529,NA,NA,NA,NA,NA,NA
2025-09-04,2.42938810170596,NA,NA,NA,NA,NA,NA
2025-09-05,2.94376270885083,NA,NA,NA,NA,NA,NA
2025-09-06,2.9437520072092,NA,NA,NA,NA,NA,NA
2025-09-07,2.44594042709451,NA,NA,NA,NA,NA,NA
2025-09-08,1.53898004768775,NA,NA,NA,NA,NA,NA
2025-09-09,1.24793426612439,NA,NA,NA,NA,NA,NA
2025-09-10,1.15022297845614,NA,NA,NA,NA,NA,NA
2025-09-11,1.17579360671827,NA,NA,NA,NA,NA,NA
2025-09-12,1.1986624002385,NA,NA,NA,NA,NA,NA
2025-09-13,1.08773776818447,NA,NA,NA,NA,NA,NA
2025-09-14,0.815993349134512,NA,NA,NA,NA,NA,NA
2025-09-22,NA,NA,1.2,NA,NA,NA,NA
2025-09-30,NA,1.7,NA,NA,NA,NA,NA
2025-10-08,NA,NA,1.3,NA,NA,NA,NA
2025-10-14,2.55530366762205,0.43,NA,NA,NA,NA,NA
2025-10-15,2.0136290535253,NA,NA,NA,NA,NA,NA
2025-10-16,1.72408994359825,NA,NA,NA,NA,NA,NA
2025-10-17,1.0984132414742,NA,NA,NA,NA,NA,NA
2025-10-18,1.31419684788983,NA,NA,NA,NA,NA,NA
2025-10-19,1.86952911321383,NA,NA,NA,NA,NA,NA
2025-10-20,1.37578064900113,NA,NA,NA,NA,NA,NA
2025-10-21,1.63224306157688,NA,NA,NA,NA,NA,NA
2025-10-22,2.3451291518702,NA,NA,NA,NA,NA,NA
2025-10-23,1.97164341035461,NA,NA,NA,NA,NA,NA
2025-10-24,1.62689501816861,NA,0.7,NA,NA,NA,NA
2025-10-25,1.27865492774597,NA,NA,NA,NA,NA,NA
2025-10-26,1.47882134600891,NA,NA,NA,NA,NA,NA
2025-10-27,1.67901910884629,NA,NA,NA,NA,NA,NA
2025-10-28,1.90724452762935,0.625,NA,NA,NA,NA,NA
2025-10-29,3.26130553257121,NA,NA,NA,NA,NA,NA
2025-10-30,16.44058946556,NA,NA,NA,NA,NA,NA
2025-10-31,7.50979568021943,NA,NA,NA,NA,NA,NA
2025-11-01,3.84475697738193,NA,0.8,NA,NA,NA,NA
2025-11-02,2.89201103917374,NA,NA,NA,NA,NA,NA
2025-11-03,2.63551913397156,NA,NA,NA,NA,NA,NA
2025-11-04,2.36456922018101,NA,NA,NA,NA,NA,NA
2025-11-05,2.07807807986546,NA,NA,NA,NA,NA,NA
2025-11-06,2.2872790057558,NA,NA,NA,NA,NA,NA
2025-11-07,2.07101533445809,NA,NA,NA,NA,NA,NA
2025-11-08,3.95196060830845,NA,NA,NA,NA,NA,NA
2025-11-09,4.18267790967465,NA,NA,NA,NA,NA,NA
2025-11-10,3.23062914681944,NA,NA,NA,NA,NA,NA
2025-11-11,2.20666288402641,1.78,NA,NA,NA,NA,NA
2025-11-12,2.43716523342843,NA,NA,NA,NA,NA,NA
2025-11-13,2.69672072067077,NA,NA,NA,NA,NA,NA
2025-11-14,2.48714406492377,NA,NA,NA,NA,NA,NA
2025-11-15,3.19215586480596,NA,NA,NA,NA,NA,NA
2025-11-16,4.0815786126085,NA,NA,NA,NA,NA,NA
2025-11-17,2.57140437921233,NA,NA,NA,NA,NA,NA
2025-11-18,2.18914966613178,NA,NA,NA,NA,NA,NA
2025-11-19,2.94191933676914,NA,NA,NA,NA,NA,NA
2025-11-20,3.10706164691856,NA,NA,NA,NA,NA,NA
2025-11-21,3.36161355719118,NA,NA,NA,NA,NA,NA
2025-11-22,4.08566239641022,NA,NA,NA,NA,NA,NA
2025-11-23,3.4000216887441,NA,NA,NA,NA,NA,NA
2025-11-24,2.45718886466336,NA,NA,NA,NA,NA,NA
2025-11-25,2.39018673874387,NA,NA,NA,NA,NA,NA
2025-11-26,3.16486120432208,NA,NA,NA,NA,NA,NA
2025-11-27,2.24458715816242,NA,NA,NA,NA,NA,NA
2025-11-28,1.81897181018061,NA,NA,NA,NA,NA,NA
2025-11-29,1.32377016676997,NA,NA,NA,NA,NA,NA
2025-11-30,1.62130526885063,NA,NA,NA,NA,NA,NA
2025-12-01,1.64886840411363,NA,NA,NA,NA,NA,NA
2025-12-02,5.56115633452071,3.995,NA,NA,NA,NA,NA
2025-12-03,6.2940412385108,NA,NA,NA,NA,NA,NA
2025-12-04,4.07638562858813,NA,NA,NA,NA,NA,NA
2025-12-05,3.41015517756783,NA,NA,NA,NA,NA,NA
2025-12-06,3.60216916203454,NA,NA,NA,NA,NA,NA
2025-12-07,3.99474250161622,NA,NA,NA,NA,NA,NA
2025-12-08,4.99730589650448,NA,NA,NA,NA,NA,NA
2025-12-09,5.47473370401225,NA,NA,NA,NA,NA,NA
2025-12-10,5.89797717139363,NA,NA,NA,NA,NA,NA
2025-12-11,9.70281073477966,NA,0.4,NA,NA,NA,NA
2025-12-12,7.16170562370327,NA,NA,NA,NA,NA,NA
2025-12-13,5.1010198945391,NA,NA,NA,NA,NA,NA
2025-12-14,5.35014123475381,NA,NA,NA,NA,NA,NA
2025-12-15,4.98596286883887,NA,NA,NA,NA,NA,NA
2025-12-16,5.34633857376436,NA,NA,NA,NA,NA,NA
2025-12-17,2.9696391662761,NA,NA,NA,NA,NA,NA
2025-12-18,3.60972552238401,NA,NA,NA,NA,NA,NA
2025-12-19,12.784941656361,NA,0.3,NA,NA,NA,NA
2025-12-20,9.3534232765068,NA,NA,NA,NA,NA,NA
2025-12-21,6.65522942232202,NA,NA,NA,NA,NA,NA
2025-12-22,4.19732756315671,NA,NA,NA,NA,NA,NA
2025-12-23,4.69482081884622,NA,NA,NA,NA,NA,NA
2025-12-24,5.52969736433669,NA,NA,NA,NA,NA,NA
2025-12-25,5.52619731058437,NA,NA,NA,NA,NA,NA
2025-12-26,5.70071619516024,NA,NA,NA,NA,NA,NA
2025-12-27,5.02257119208034,NA,0.4,NA,NA,NA,NA
2025-12-28,4.54345295541772,NA,NA,NA,NA,NA,NA
2025-12-29,4.6016193822967,NA,NA,NA,NA,NA,NA
2025-12-30,3.18621678100883,NA,NA,NA,NA,NA,NA
2025-12-31,2.47831105743078,NA,NA,NA,NA,NA,NA
2026-01-01,2.93420540761735,NA,NA,NA,NA,NA,NA
2026-01-02,2.60139573709044,NA,NA,NA,NA,NA,NA
2026-01-03,2.91636781863211,NA,NA,NA,NA,NA,NA
2026-01-04,2.37711784384924,NA,NA,NA,NA,NA,NA
2026-01-05,2.28541910217136,NA,NA,NA,NA,NA,NA
2026-01-06,2.51378772494574,NA,NA,NA,NA,NA,NA
2026-01-07,3.2243820575404,NA,NA,NA,NA,NA,NA
2026-01-08,2.74924276852173,NA,NA,NA,NA,NA,NA
2026-01-09,3.06779363635282,NA,0.3,NA,NA,NA,NA
2026-01-10,28.4973978489299,NA,NA,NA,NA,NA,NA
2026-01-11,36.5946864192171,NA,NA,NA,NA,NA,NA
2026-01-12,11.9919648647851,NA,NA,NA,NA,NA,NA
2026-01-13,7.33534791942395,NA,NA,NA,NA,NA,NA
2026-01-14,6.52000479515513,NA,NA,NA,NA,NA,NA
2026-01-15,5.42840391851202,NA,NA,NA,NA,NA,NA
2026-01-16,3.20678570312169,NA,NA,NA,NA,NA,NA
2026-01-17,3.08274929956683,NA,NA,NA,NA,NA,NA
2026-01-18,2.9386318265469,NA,NA,NA,NA,NA,NA
2026-01-19,2.08110609457536,NA,NA,NA,NA,NA,NA
2026-01-20,1.95200522911356,NA,NA,NA,NA,NA,NA
2026-01-21,2.40232724773202,NA,NA,NA,NA,NA,NA
2026-01-22,1.71023918244636,NA,NA,NA,NA,NA,NA
2026-01-23,1.62771501622725,NA,NA,NA,NA,NA,NA
2026-01-24,1.37949468220924,NA,NA,NA,NA,NA,NA
2026-01-25,1.47506770667564,NA,NA,NA,NA,NA,NA
2026-01-26,1.9446332301118,NA,NA,NA,NA,NA,NA
2026-01-27,1.68117978196617,NA,NA,NA,NA,NA,NA
2026-01-28,1.59404413935253,NA,NA,NA,NA,NA,NA
2026-01-29,1.55655778998877,NA,NA,NA,NA,NA,NA
2026-01-30,1.59200615815092,NA,NA,NA,NA,NA,NA
2026-01-31,1.62414058151268,NA,NA,NA,NA,NA,NA
2026-02-01,1.88911038021862,NA,NA,NA,NA,NA,NA
2026-02-02,1.46759117607195,NA,NA,NA,NA,NA,NA
2026-02-03,1.43437338976083,NA,NA,NA,NA,NA,NA
2026-02-04,1.79893860115087,NA,NA,NA,NA,NA,NA
2026-02-05,3.67023384151179,NA,NA,NA,NA,NA,NA
2026-02-06,4.81653160713387,NA,NA,NA,NA,NA,NA
2026-02-07,4.02463255885742,NA,NA,NA,NA,NA,NA
2026-02-08,2.39955185250256,NA,NA,NA,NA,NA,NA
2026-02-09,1.93124421885353,NA,NA,NA,NA,NA,NA
2026-02-10,2.29402086717187,NA,NA,NA,NA,NA,NA
2026-02-11,41.8554511262441,NA,NA,NA,NA,NA,NA
2026-02-12,23.5936294051162,NA,NA,NA,NA,NA,NA
2026-02-13,13.3908720811582,NA,NA,NA,NA,NA,NA
2026-02-14,10.2785150219795,NA,NA,NA,NA,NA,NA
2026-02-15,43.3985603756653,NA,NA,NA,NA,NA,NA
2026-02-16,71.580130243757,NA,NA,NA,NA,NA,NA
2026-02-17,26.0974625388393,NA,NA,NA,NA,NA,NA
2026-02-18,12.0234187820482,NA,NA,NA,NA,NA,NA
2026-02-19,20.009117440299,NA,NA,NA,NA,NA,NA
2026-02-20,52.0497952597514,NA,NA,NA,NA,NA,NA
2026-02-21,30.7710086547948,NA,NA,NA,NA,NA,NA
2026-02-22,17.5125593977665,NA,NA,NA,NA,NA,NA
2026-02-23,10.1734209944877,NA,NA,NA,NA,NA,NA
2026-02-24,5.97159024456563,NA,NA,NA,NA,NA,NA
2026-02-25,5.5626533829019,NA,NA,NA,NA,NA,NA
2026-02-26,5.18048082110713,NA,NA,NA,NA,NA,NA
2026-02-27,3.86376000914607,NA,NA,NA,NA,NA,NA
2026-02-28,3.48116082998498,NA,NA,NA,NA,NA,NA
2026-03-01,3.11328994843142,NA,NA,NA,NA,NA,NA
2026-03-02,2.02857479307347,NA,NA,NA,NA,NA,NA
2026-03-03,1.68170513648212,NA,NA,NA,NA,NA,NA
